,review,label
0,tolang pelanggan terrsayang mohon diperhatikanlah si abang driver iya dah pakai banyak diskon grab masa ngasih parkir 2rb aja sepele bnget yaampun,1
1,keamanan kenyamanan konsumen perhatikan bnyk akun driver memakai akun berbeda kendaraan orang datang beda data akun aplikasi orang plat nomor kendaraan beda grab sama gojek selalu sesuai maxim,0
2,buset nungguin pesenan gacoan jam 1049 sampe jam 1 anter perkara driver tidak mau anter padahal tempat tinggal sama lokasi cuman 8 menitan cok itupun disuruh nunggu 28 menit busett dah,0
3,terimakasih gercep ramah baru pertama kali make jasa gojek online g salah milih maxim jadi aplikasi,1
4,aplikasi boncos tarif minimum menyentuh 10200 layanan gocar kau kira apaan mobil pribadi kau hargai segitu jek mafia banget kau aplikasi laknat,1
5,ketatin aturan nya bikin jengkel az gojek nya disini bayar massa pakai gosop suruh kensel trus,1
6,kasihan driver cuma 8800saya beli bakso ongkir apk 15200padahal jarak tidak sampe 1kmgila nih gojek,1
7,sejauh layanan paling bagus memang gojek sekarang harga jdi naik yaa dlu biasa st pasming kampus cuma 13k sekarang jdi 17k,0
8,sedih melihat driver bayar 13rb diterima ternyata cuma 8rb perusahaan lebih memperhatikan driver,1
9,daftar malah bacaan tindakan tidak wajar mesan aneh bin ajaib aplikasi sangat susah mencari driver coba pengguna gojek max,0
10,selalu memberikan diskon utk gojek maupun gocar tp mengecewakan kalo ujan gocar selalu membatalkan arah rumah sy,1
11,jujur tarif ongkir mahal bahkan berlangganan gojek plus potongan tidak seberapa bahkan jauh dibanding apk sebelah apk anak negeri harus lebih user friendly beberapa aspek,1
12,uang tidak balik akun lama ketidak taun cara sy mengakses lapor tidak memberi siludi,1
13,tidak dicancel dichat tidak tidak aplikasi kasian driver tambahin menu chat kek aplikasi,0
14,45 menit mesan gocar semua tidak bergerak mobil kehujanan mau bekerja apa memang driver pantau,0
15,parah sih mau pakai promo 55 mau klik pesan eh ilang tiba tiba kalau tidak niat jgn php org sama pihak apl manusiakan manusia masa argo 5rb an kasian driver nya bensin ihh parah banget umr naek argo turun,1
16,terimaksih mempermudah transportasi rumah nya jauh jl raya sangat sangat membantu,1
17,kalo memang tidak driver cari driver masa nunggu tau2 cancel cuman gara2 gada driver lagian jam malem jam 7 malam loh tadi pesan,1
18,gocar lebih baik ditiadakan aja banyak driver pilih2 harga mana customer atur tidak dikasih tips lebih parah si,1
19,gojek bulan februari mhal banget banget banget padahal jrak dekat baget go ride maupun gocar mhal g sesuai jarak voucheer buat krtu bsi g bca,1
20,selebih sih oke tp sebel pas hujan mau pesen makan laper nya susah banget dpt driver pdhal hujan nya reda,1
21,mohon penjelasan nya an nusron driver b 1961 rop tarif nya rp 97500 jadi rp 1070 berangkat balik pulang tarif sesuai rp 99500 driver z 1517 em an wahyu hidayat,0
22,selamat petang ijin berta gatot supriyanto akun gojek kok aktif sdh 4 bulanan dipanggil2,0
23,maaf mengalami kendala sama terkadang tidak bs klik unt membuka chat telp dr gojek tidak berdering krn gangguan sinyal bagaimana,0
24,tutorial cara pesen grab daerah menemukan pengemudi padahal apk unit 4 menit pesen tunggu cariin selama 9 menit pengemudi tidak temukan pesan grab daerah,0
25,gatau kalo pesan gojek selalu cancel driver 10x padhl buru buru developer bagaimana apk kok jadi gini padahal dulu fine fine,0
26,sopir gocar rada belagudah tau pesan gocar xl ta berapa orang dewasa 3 anak kecil 3 aja tidak mau bawa sumpahin seret tuh driver rezeki nya,1
27,pengelola aplikasi gojek tekankan mitra terutama driver gocar utk lebih proaktif membantu penumpang mempunyai disabilitas geraksakitlansia naikturun unit,1
28,aplikasi tidak tampilkan transportasi tdk biasa padahal sdh sy instal ulang,0
29,kalau selesai mau buka chat nya ko tidak bs kira gmn soal sy td brg ketinggalan ditaro didpn motor pas turun sy lupa mungkin driver lupa sy tdk tau,0
30,tidak menyelesaikan masalah salah transfer akun lama pihak gojek tidak bantu membuka akun lama tidak ikhlas dunia akhirat,0
31,sejahterain driver min kasian driver sampe ngalong ujan2n argo tambahin kasianrata2 driver ngeluh kalau ta,1
32,sejauh pemakaian selama hampir tidak pernah mendapatkan pengalaman buruk 12 kasus driver beralasan kejauhan minta cancel mohon pertahankan kepuasan tetap kasih promo konsumen merugikan mitra,1
33,nganterin anak sekolah sampe laporan sampe sekolah bu terimakasih pak jrg driver,1
34,gila gojek hujan2gak nyantol sama sekali kalau dibatalin uang makin naik mana termasuk parkir tidak ngotak sama sekali,1
35,driver car wilayah kota kendarijangan suka naik kan hargadi aplikasi maxim tujuan kelurahan sebelah cuma 24 800rpsampai tujuan jadi 27 ribukadang naik hampir 10 ribukami pengguna maxim jdi ragu menggunakan maxim car,0
36,sangat nyaman pengemudi albar mohan syah makatita motorcycle warna cokelat nopol de4395ma selamat menikmati perjalanan ramadhan mubarak rating 485,1
37,mitra mu banyak jd pengemis online tarif 5rb jd banyak tinggali pelanggan mu krna merasa risih meminta minta alias kasihani,0
38,kak kok gabisa dibuat pesenpadahal baru download tab nya support app gojek baru pesen 7 tahun lalu pesen bantuan waktu masuk app gojek malah putih doang,0
39,makin gajelasbuat dapet promo aja langganan gojek plussekarang tidak promo kaya dulu lagimakin update makin gajelaspadahal ngasih promo profit banyak banget taxaplikasi kikir,1
40,semakin bebas kendaraan tidak sesuai aplikasi aplikasi cancel tidak sangsi bikin driver kapok,0
41,banned entah salah apajd mall fungsigbs dipake naik ojek dllbaik uninstall aja kaliapk 100 curigaan,1
42,baru pertama x pakai maxim dikasih bonus keren maxim sukses selalu buat driver,0
43,3 x baru berhasil mendapatkan mobilyg 2 minta dibatalkanmohon driver sering membatalkan diberi peringatan denda,0
44,bagus pelayanan nyabisa selalu diandalkan kalo pergi kota bingung jalan tinggal pakai gojek,1
45,usahakan driver menyiapkan uang kembalian tidak semua penumpang membawa uang pas memesan selalu tidak driver pu kembalian,1
46,pengguna gojek lebih 2 tahun baru kali 3 bulan berturut kagaada voucher sama sekali kalo kaga beli padahal tiap hari selalu pakai gojek lohh admin ayo mana kode promo masa iya 3 bukan kaga promo sama sekali,0
47,aplikasi anak bangsa kok menyusahkan driver bikin sejahtera driver custumer senang kasian potongan driver telalu besar semoga pimpinan segera hidayah,1
48,kecewa aplikasi gojek pesan gocar posisi driver gocar nya terlalu jauh dong pebaruhin aplikasi nya,1
49,kecewa opsi 3 ongkir hemat lakukan 3 kali tidak driver padahal deket sumpah hari sangat sangat kecewa dapet driver jauh banget nunggu 30 menit telat kerjaan,0
50,perlu penyesuaian sering kasih driver jauh titik penjemputan terus jadi sering cancel tambah fitur memilih driver memilih driver terdekat,1
51,gojek sangat mempermudah transportasi sering pakai transaksi apapun gojek mulai bayar tagihan transportasi pembayaran lain mudah cepat,1
52,umum driver grabbike maupun grabcar ramahramah kalau kebetulan buruburu driver siap membantu senang naik grab,1
53,grab car error aplikasi nya bayar tunai tidak bsa2 maupun pakai superbank akun tidak gunakan sama sekali beberapa hari kepusat bantuan mengadu tidak solusi tanggapan apapun,0
54,oke pengemudi abed nego banga motorcycle warna merah nopol dn4712er selamat menikmati perjalanan rating 490,0
55,emailku kok kedaftar gojekmau buka akun lupa pakai nomer manapemulihan akun tetep gbisatrus cara gmn,0
56,aplikasi maxim lebih peka akun fiktif kasihan driver kalau susah mencari uang sering akun tipu karan driver tergiur sama ongkir nya,1
57,saran buat aplikator gojek wilayah jawa timur sekitar harga gojek buat driver tidak manusiawi oderan estafet driver sangat lama penjemputan mohon kaju ulang,1
58,sedih tiba tiba tidak pakai aplikasi nya terdeteksi pemakaian tidak biasa alasan tidak jelas kurang terperinci padahal selama gojek sangat membantu,1
59,grab selalu terdepan semoga selalu membantu driver jalan stop mempersulit driver terima kasih,1
60,maaf jd bintang 3 awal kebantu karna promo tp driver tidak mau ambil dgn dalih jauh titik tidak sesuai dgn pembayaran kecewa banget sih sm grab,1
61,grab skrg lemot lelet tidak cpt respon kaya dulu mau cancel krn salah tujuan loading lama banget keburu driver datang,1
62,selaku driver kecewa sistem gojekberpihak sebelah customersaya ngejar bonus weekendtp penumpang cancel performa turun padahal penumpang cancelotomatis gagal bonus tidak kekejar jadi sia semangat ngejar bonus malah gagall,0
63,masak reviu akun spaylatter lebih 6 bulan gelo lu gojek mending hapus nih aplikasinggak banget,0
64,pesen 2 kali nunggu berjamjam tidak dicancel nunggu lama banget gojek baru tercancel otomatis konfirmasi cs melalui aplikasi nya,0
65,semenjak banyak pilihan opsi mobil banyak driver maen cancel2 aja jadi kalo pilihan go car biasa lama cancel payah lah,1
66,sering cancel driver tunggu lama stlh cancel kenaikan harga kalau driver minta cancel lumayan besar 2x driver minta cancel biaya jd membengkak dong diperbaiki penghitungan kenaikan harga driver komitmen dlm ambil penumpang terima kasih,0
67,aplikasi lemot bayar pakai kaspro lemot masuk nya si driver minta chas jadi nya dobel bayar nya parahh,0
68,mau buka lama banget padahal jaringan bagus pakai wifi mahal lancar banget pas buka nih aplikasi butut maxim loading muluu setengah jam an lebihh,1
69,gojek banyak boong bilang 1mnt lgi ta undur jadi 4 mntt apa cobaa banyak nipu nyagk sesuai y promosiin tolol emng,0
70,maaf mau na baru daftar gojek kok tiba tiba nama nya sama email nya bukan pu yah padahal nomor hp nya nomor tahu bantuan terimakasih,0
71,tolonglah driver maxim kalau makan apalah matiin aja aplikasi kaya gini sdh nunggu diver tau makan kan kaya gini dibuat telat kerja,1
72,makan tuh kebijakan buat driver pakai sistem slot pengguna bayar mahal tp driver cuma dpt ongkos 5rb aja ntar lama lama geruduk driver senasional aplikasi penjajah driver,0
73,hallo grabb pengguna setia grabb sekarang grabb jadi lelet memakan waktu loading bener bener lama sangat menjengkelkan beberapakali pesen grabb car xl mobil dateng 3 penumpang bagaimana grabb,0
74,gojek sekarang pakai akun baru biasa suka voucher voucher goride sekarang tidak giliran beralih gocar 2 voucher pas giliran buka voucher ternyata tidak voucher bug perbaiki lahi,0
75,melakukan penarikan lebih 6 hari dana masuk telfn cs malah disuruh email email tidak balasan bagaimana pihak gojek baca yaa kalo masalah kecil aja tidak tanggapin pelanggan beralih,0
76,parah banget barusan diminta 10 ribu gara titik maxim menyesatkan driver males jadi gamau pakai aplikasi trauma,0
77,tidak lgi deh pke grab care kata nya diskon pas datang aplikasi minta cansel trus harga nya beda sama aplikasi,1
78,pengemudi septian hadi daihatsu sigra warna coklat tua nopol bp1706ci selamat menikmati perjalanan rating 495,0
79,pesen ambil 1 jam selesai 2 jam baru selesai dapet driver lama bnaget padahal tidak hujan gmana,0
80,sering banget dapet driver nya tidak sesuai apa pilih pilih goride comfort dateng nya kaya goride hemat,1
81,menu pencarian tujuan kurang lengkap masa sekelas bandara internasional tidak ketemu aplikasi maxim aneh kan,0
82,aplikasi gojek tolol gua zoomin peta malah balik zoom out gitu aja terus bikin darah orang naik aja gitu notif promo tidak aja dibanyakin tiap hari,0
83,kurang suka grab karna satu driver sya tidak kenal tiba nuduh sya nama opik sya tidak tau opik siapa mana kata bego pas sya mau bls chat ternyata akhiri,0
84,pelayanan tidak ramah baru pertama kali pakai grab kesan driver sangat buruk gabakal mau pakai grab,1
85,gojek selalu siap d butuhkan mana murah disconlagi yok up load sekarang,1
86,lah biaya aplkikasi kira aja kasian driver nya terus kadang suka tidak mau nganter kalo jarak nya jauh potongan aplikasi gede padahal kan customer bayar nya sesuai,1
87,woi gojekkira2 klu bikin tarif nga mikir apa jemput 34kmongkos nya kadang 1520ribungalah2 in angkotini ngalahin rentenir potongan nya buat pemerintah tutup aja apk penghisap darah orang ongkos murah kena potongan,1
88,kadangkadang driver mau menjemput berhenti tengah jalan tidak dihubungi sering banget ngasih driver jarak jauh lebih parah estimasi waktu jauh kenyataan asli 15 menit dibilang cumab3 menit,0
89,susah dapet driver gocar kalo cuaca hujan posisi rute jauh sebaik dibenahi,1
90,gojek perbaiki dong heran banget cancel ojek malah dikasih makin jauh lokasi kan heran orang mau mana tidak ngendelin gojek,1
91,dong masa 1 bulan lebih tiap chat driver selalu mengirim bener bener tidak bs chat sama sekali sering banget dicancel driver krn tidak bs bales chat mau nelfon keburu dicancel masa diupdate malah jadi sampah gini,0
92,apk bobrok capek banget kalo mau cancel dipersulit banget padahal laper dikerjain sm toko ternyata tetap sama driver slowresp,1
93,gojek salah satu alat transportasi terpercaya membrikan kenyamanan konsumen maju trus gojek,1
94,aman nyaman ramah kantong khusus kalangan pelajar kalau driver ramah wangi lebih baik sukses selalu jasa maxim luar biasa,1
95,ramahsabardan hati hati bawa penumpangmenjemput ditempat walaupun tidak sesuai titik lokasi susah dpt titik tepatberpatokan sekolahkantor kelurahansehat2 semua driver sukacita bawa penumpang,1
96,pesan gocar mau hemattidak jam malam tidak nerima padahal banyak sekitaran daerah stasiun prambanan heran,1
97,harus tindakan dri pihak grab lapangan titik ojol jemput penumpang tidak gesekan sama ojek pangkalan setempat segera tidaklanjuti penumpang enak ojol lebih tepat waktu tepat titik penjemputantitik tujuan penumpang,1
98,mengadu trf qriss akun tidak buat trf qriss kata akun nonaktifkan chat gojek tidak solusi gimana cara biar aktif padahal akun tidak pernah buat macam2 akun lama buat,0
99,makin kesini makin berat buka aplikasi lama loading ny tidak kaya dulu driver kadang suka pakai motor tidak sesuai plat nomer terdaftar,1
100,tidak nyaman naik gojek skrg driver gojek skrg banyal pakai knlpot brisik ojol kok kebanyakan gaya,1
101,rute perjalanan lebih diperhatikan ngga jarang driver justru diarahkan melewati rute jauh sampe muter,1
102,bikin crash aplikasi jdi susah multitasking gojek driver jadi kerestart kalau buka gojek customer,0
103,map grab car tidak sesuai titik jemput titik sampai diperbaiki singkron titik jemput n sampai kasihan driver ajak muter2 sama map grab tidak sesuai,0
104,aplikator merugikan konsumen driver fokus sekarang bukan pelayanan biaya terus dinaikkan diimbangi peningkatan pelayanan,1
105,alamat maps gabisa sesuai titik beberapa kali driver salah padahal ditulis lengkap benerin apk nya tq,0
106,baik sekali driver ramah tidak sombong sangat membantu terimakasih banyak pak semoga kebaikan balas allah,1
107,pesan gocar tidak mau jemput karna argo kecil pesan motor tidak mau jemput karna jalur macet pusing padahal gojek termasuk mahal pakai pas promo,1
108,aplikasi bagus driver aja tidak jelas pd suka cancel heran banget kalau kagak mau kerja y tidak usah aktifkan akun cancel mulu buat gojek seleksi driver,1
109,banyak driver tidak sesuai aplikasi jadi takut kalau pulang malam mangka aq pulang malam mending pakai grab,0
110,selama selalu pakai aplikasi grab oke ajj tidak kendala apa tidak keluhan apa kadang diskon hahahaa mantap semoga selalu meningkatkan kualitas aplikasi driver nya lebih penting terimaakasih,1
111,jelek segi pembayaran via debit kredit mastercard lain mau dipake sukaa aja kalimat diperbaiki tidak menggunakan pembayaran via,0
112,hujan dikit susah banget driver mau gojekgocar sampe nunggu hampir sejam buat driver selalu dicancel sepihak padahal pilih opsi harga promo,0
113,pihak grab perbaiki map nya susah sekali terkadang mencari lokasi malah terkadang bnyak salah titik alamat tidak sesuai,0
114,salado beberapa kali potong driver datang lokasi penjemputan sama aja merampok uang user sangat memalukan,0
115,kok pas daftar tidak padahal no nya nama email nya baru kok tetep tidak mohon bantuan pihak gojek,0
116,dididik driver nya jangan gatel na nanyain halhal tidak penting kek emang perlu banget na privasi gue spill tidak nama driver sama plat nya disini wkwk,0
117,saran kemajuan 2025 tambahkan fitur pilihan khusu gojek perempuan ibu ibu kalau mau pergi bonceng nyaman sesama wanita lebih mahal yo tidak papa kalau milih gojek wanita karna cari kenyamanan,1
118,bagus ih permudah cari titik maps nya titik lokasi nya susah banget,0
119,d update ngapa susah d buka si padahal sinyal normal terus slot sama aceng meresahkan hapus program nya enggak enak kalo pesen driver nya padahal bayar full driver nya malah goceng,0
120,driver gojek sekarang sombong mentang mentang cuma 10 ribu tidak mau ambil gerak padahal terima driver,1
121,halo aplikasi lumayan bagus biasa aku kok tidak dapet driver yah biasa driver keluar jalur,1
122,pesen satu driver nya sampe banyak driver datang kerumah kasihan kan driver dibatalkan gitu tidak cancel,0
123,nya akun tangguhkan cok gua bukan driver tangguhkan akun,0
124,suka banget sama gojek bahasa nya ngga baku jadi seneng pesen apapun gojek kalo adain diskon ongkir hari hehehe,1
125,segala cara pembayaran dilakuin otomatis biar bs langganan terus wkwk 2bln langganan goplus gaada benefit sama sekali cuma buang2 uang aja,1
126,gila harga aplikasi sebelah jauh lebih murah ramah disini harga edunn banget diskon sedikit padahal lama banget pakai gojek setia sekali,0
127,pesan driver datang tawarkan luar aplikasi offline cancel kebanyakan driver setuju perusahaan terlalu serakah tidak empati dgn mitra,1
128,maaf pernah kena damprat driver grab minta tunggu 5menit bener bener didamprat sampek telpon marah marah memang lokasi masuk2 komunikasikan sama temen perlu jemputan,0
129,kurang suka cara pemilihan peta nya tidak atur akuratmasa pasang pin tempat maps,0
130,okelah apk nya bagus banget diskon goofodgojek kendaraan nya besar banget potongan nya kadang besar banget aja penggendara nya kurang ramah sama pelannggan,1
131,estimasi gocar hemat scam gaes disini tertera kurang lebih 710 menit estimasi driver nyata sampe 40menit sampe gila waktu perjalanan bisabisa sampe sejam,0
132,pilihan rubah rute driver biasa meminta ubah rute harga lebih mahal harga tetap meskipun ubah rute driver biasa kesalmarah dihapus aja pilihan ubah rute,1
133,aplikasi paling is the best aplikasi berguna sekali buat orang pekerja pulang kerja nya malam banget jadi transportasi online,1
134,dongsaya pesen gc plus kok malah dateng bluebird mana supir nya jutek lagigak mitra grab beneran grab,0
135,udaah msen tinggal nunggu tiba batalin sama driver nya gara jarak jauh krna ongkos lebih murah pdhal mengerti faham suka melebihi ongkos nya,1
136,sdh mncoba bbrapa x pelayanan cepat harga murah driver cermat sampe d tujuan tpt waktu,1
137,perbaiki tarifargo nya adil buat driver customer perbaiki sistem maps nya mudah pahami,1
138,sampah banyak diskon banyak promo paling rugikan jelas mitra driver aplikator paling untungkan,1
139,mempermudah sangat butuh transportasi cepatgak perlu ribet tinggal klikgojekpun datangterima kasih sangat membantu,1
140,grabcar driver engga pakai otak jalanin mobil minus akhlakminus attitude pelayanan jelektidak ramah penumpang,1
141,jangan pakai gojek si gojek ngasih ongkir driver cuma 5 rb aplikasi maruk,1
142,aplikasi termahal dikotaku cikampekkalo mau bersaing dgn aplikasi tidak ditinggal customeradakan layanan hemat dong kayak 2bulan kebelakang sekarang tarif 15rb ta driver kata cuma dapet 8rb,1
143,kak tambahin pendapat bang ojol kak kalau musim hujan kek gnikl pas hujan susah dapt driverbuat smgt kerja kak tw sdri xan dijalan kalau hujan kek gni merka kondsi bdn buat kerjaa,1
144,dihapus aja waktu tunggu berbayar nya soal tidak nunggu dibuat berbayar sama driver jalan sejam 71 bayar 100 rb parah sih munurutku nama driver nya harrys pratama teguh serang banten kerja ciruas,0
145,kalau tidak pakai promo ongkos kemahalan buat customerdan terlalu rendah terima driver kebijakan biar saling menguntungkan,1
146,terlalu banyak kecewa nya pergi tempat wisata padahal deket stasiun tidak pick up padahal maps nya banyak driver,0
147,driver cancel didepan mata lobby bahkan sudar teriakteriak memanggil driver tersebut dibantu orangorang menunggu jemputan ntah konsekuensi tidak pihak grab,0
148,bpk sabar baik menunggu ank sy jauh dr kotake bekasi muter2 nyari ank driver handal top banget,1
149,terimakasih pak semoga sehat lancarkan rezekinyaa amiinn sangat bagus musik bagus pengemudi hati hati pengemudi sopan tiba cepat bersih rapi,1
150,driver bagus ramah cepat cuma hampir 5 hari tidak pakai tidak masuk akun alasan jaringan padahal jaringan lancar gojek perbaiki aplikasi yah terimakasih,0
151,malam paman gojek mau ta soal akun syaa driver dunia skrng tidak kunjung aktif dri tahun 2014 skrng tdk aktif jga,0
152,gimana sih gojek no aktif tpi lupa pin karna hp lama hilang tidak masuk bantuan tidak jelas aplikasi nya,0
153,halo gojek aplikasi tidak dibuka menggunakan versi terbaru masuk aplikasi selalu keluar bantuan,0
154,hallo grab terima kasih diskon banyak cuman map nya perbaiki driver sdh sampe depan rumah tqpi d map driver d setengah jaln,0
155,aplikasi sampah wajar aja banyak ditinggalin driver pelanggan pindah kesebelah3x download gagal trus ngures kuota doang,1
156,jarak deket harga tidak hemat tp dpt driver keseringan posisi jauh mengesalkan lama banget,1
157,selalu gabisa ngeklik chat padahal pencet or klik berulang kali susah banget masuk room chat jadi sering miscom sama driver diperbaiki fitur,0
158,terlalu mementingkan custumer suami g narik seminggu krn bintang 1 customermemang seminggu g mkn g jajan apa anak2 dunk gojek jgn main suspen minimal diskusi dl,1
159,mau ganti email doang berapa kali dicoba tidak bisa2 gada solusi gojek kontoll,1
160,berlangganan maxim ber tahun2 tidak update no hp hangusbagaimana cara mengginakan jasa ojek maxim mohon info terimakasih,0
161,sangat cepat cekatan pelayanan nya bagus terimakasih mencari kan kendaraan pengemudi baik amanah ramah terimakasih,1
162,kecewa banget sumpah tidak mau pakek nih apk nunggu driver nya lama padahal pakai prioritas aja nunggu lama,1
163,maaf kasih bintang 3 kurang masalah verifikasi wajah padahal sesuai petunjuk dibilang tidak sesuai mohon tanggapi pihak gojek,0
164,peta utk konsumen perbaiki sering nyangkut peta nya jd tidak ketahuan sampe mana driver jemput nganter mknan nya,0
165,baru kecewa sama gojek masa dicancel malah marah kan cancel garagara jarak jauh padahal tunggu bunda malah tidak terima,1
166,pesen gocar berapa kali batal batal teruss kaga mau cari duit apa gimna sih,1
167,susah cari driver gojek kebanyakan kasih promo murah percuma gada maj ambil mending jangan pakai gojek pakai aja maxim,1
168,bayar mahal banyak driver bilang nerima cuma 5 rb pesen goride driver depan mata banyak online dapat jauh jauh terus gojek gojek makin tidak fungsional,0
169,gojek sekarang tidak kayak dulu sekarang jadi mirip aplikasi scam banyak promo daftarin goplus promo nya malah ilang semua voucher sengaja dibikin tidak tanggal berlaku biar sewaktu dihapus berasa ditipu aplikasi sampah,0
170,semakin hari semakin jenuh sama layanan beri sama pihak gojek kemungkinan bakal uninstall apk nya,1
171,dpat gojek tidak ramah tidak jelas ni apk min dong masa gua mau naik gojek mala tidak ramah,1
172,aplikasi tadi tu dapet driver kemudian driver nge cancel jadi nya banyak masuk chat sama jadi kena omel sama driver jadi nya banyak masuk,0
173,dipertegas mitra grab car pesan grab car hemat plus xl hampir 2 jam cancel terus sama driver,0
174,terima kasih buat abang maxim nya ramah sama penumpang mau nunggu jarang dapet ojol ramah poko the best,1
175,saran grab backsound mohon dihapus sangat mengganggu waktu mengangkat telfon perjalan bersama driver suara backsound masuk kedalam telfon,1
176,hatihati area cikupa gading serpong driver purapura tidak tahu tempat tujuan alasan gmaps error lain minta nomor telepon jangan diberi dispam telepon ancaman tidak jelas,0
177,kalau driver grabcar jngan seenak nya dong nunggu lama selalu cancel sma driver nya seenak nya sajaa selaluu gtuu,1
178,aplikasi bagus promo buat jadi lebih murah pengguna baru jadi gojek lebih nyaman seru,1
179,customer lama lama kecewa sama aplikasimau pakai layanan jadi segan kasianan driver pakai tarif normal driver uang 45 bayar,1
180,pengemudi hendriko mendrofa motorcycle warna abuabu biru nopol bp2317om selamat menikmati perjalanan rating 495,1
181,titik map harap update segi titik maps indrive jauh lebih bagus kasih fiture foto chat memudahkan konsomen driver,1
182,sistem terlalu ribet buat nyari driver cepat bayar tambahan kalau tidak mau nunggu driver sama 10 menit lebih lamalama makin mencekik user aplikasi,0
183,ko sy mau daftar dsru masukin lokasi tpi tidak muncul muncul yah lokasi ny sy ketik tp muncul bawah kya mencari lokasi trs padahal kalau buka jaringan aman2 aja,0
184,dulu sempet hapus gojek sekarang download gojek susah masuk verifikasi wajah nyoba banyak kali tetep gabisa soal dulu waktu hapus gojek verifikasi wajah minta mau pakai gojek secepat,0
185,it gojek pesan goride motor driver map tidak bergerak sama sekali tiba tiba driver nya muncul kasihan driver nya kalau jauh motor driver map tidak gerak2 driver nya sdh jalan,0
186,aplikasi tidak d sertai laporan darurat sulit melakukan pengadun atas tindakan pelanggaran mungkin lakukan driver2 nakal,0
187,pusat bantuan tidak berguna lama sekali respon padahal kesalahan aplikasi bukan driver ataupun penumpang penanganan lama tanggal 9 sekarang penanganan,0
188,16 februari 2025 parah apk eror tidak pakai stasiun cikoya mau keluar stasiun tidak parah gojek,0
189,driver tidak jelas selalu minta cancel alasan titik penjemputan jauh kalau cancel dapet driver makin lama kalau dilanjut driver minta cancel enakan pakai ijo sebelah driver jarang cancel lebih sabar plus mobil bersih app mobil bau rokok,1
190,apk payah nunggu hampir 2 jam ngak menerima sekali terima malah ngak mau driver nya malah kata cari aja mas kata gitu,0
191,driver jauh jadi lama perbaiki sistem jarak driver sama cs tidak lebih 2km jadi tidak nunggu lama,0
192,pesen gojek lama banget gila padahal gojek sekeliling banyak banget ngak mau ambil aneh,1
193,aplikasisi untung pu aplikasitapi abang ojek tsk dpat seberapa maka lebih milih maxm akun gojekcuma mikirin buat pnya aplikasi buat apa,1
194,kalau grab car bike jangan kasih driver posisi macet parah masa penumpang tunggu in 2 jam nga masuk akal woi perbaiki,0
195,males sama gojek selalu ngasih promo driver selalu tidak pu kembalian masalah sering terjadi,1
196,gojek pu menu gocar hemat kenyataan jarang bahkan tidak pernah digunakan dirancel berulang kali driver mending tidak usah dimasukkan option tidak membuang waktu pelanggan,0
197,bintang 1 gocar 1 jam tidak ketemu buat driver gocar kali tidak usah kejar gocar,0
198,jaman serba digital kehadiran aplikasi gojek sangat membantu sekalisemoga kedepan gojek selalu memperbaiki diri pelayanannyasemakin sukses gojek n semua driver,1
199,keseringan driver gada kembalian padahal customer kalo tidak siap dgn kembalian jgn buka layananpenjualan,1
200,tetap jaga kepercayaan pelanggan mana berada menjaga kepercayaan paling susah kenyamanan keamanan jangan lupa perhatikan gojek,1
201,tidak request refund dana mandiri aplikasi grab dipermudah cara request refund dana,0
202,kesan pribadi dr memesan maxim peta titik tepat tidak pass padahal benar pencarian driver sangat lama sekali dann ending gagaleror bahkan tidak berfungi memesan,0
203,apk sering tidak didownload padahal apk bagus pihak gojek perbaiki,1
204,kasih deskripsi awal kalau memang bawa stroler bayi menggunakan gocar tipe l biar tidak salah pilih gocar,1
205,saran aja buat hrd driver maximtolong ngerekrut orangitu kepribadian sama ahklak pelamar tes jugarata driver maxim nyolot tidak beretikakayak preman semua,1
206,apk sangat tidak peduli keselamatan banyak driver tidak pakai seragam suka jalan contoh lawan arus trobos perboden,1
207,driver maxim atas nama anggi suryadi putra cilegon baik banget sopan santun pokok nyaman banget driver anggi suryadi putra,1
208,coba bulan pihak maxim pengecekan kendaraan driver terutama mobil 2x naik maxim mobil dlm keadaan kotor bau tidak sedap tidak nyaman banget rasa mual slama perjalanan cium aroma didalam mobil,1
209,kondisi hujan reda pakai comfort pelanggan prioritas biar cpet dpet driver 10 menit malah tidak dapet sama sekali sekali dapet posisi jauh bener kena cancel sama driver,0
210,sering terjadi sistem eror merugikan costumer sering terkendala sinyal nya tidak baik padahal sinyal menggunakan aplikasi berjalan lancar,0
211,pemilihan driver nya lebih diseleksi laah orang tua aki kalo dihold dulu 2x ngalamin dapet orang tua jala lelet ngantukan kagetan,0
212,grab aku mau pesan makan ataupun pesan transportasi selalu tidak selalu notifikasi mengatakan permintaan mu tidak proses,0
213,aplikasi maxim nie sangat membantu se x mudh cept n hrga nya trjangkau smoga lncar sll buat pra pnumpang naik lncr trs aplikasi maxim y,1
214,driver kalau kalau pakai promo biar murah malah tidak mau ngepick kalau sengaja lama lamain hadeh,1
215,sejauh ketemu driver jutek alhamdulillahpesan utk driver muslim selalulah diawali dgn bismillahirrahmanirrahimsemoga hasil didapat penuh barokah,1
216,sering banget ngegunain jasa grab sekarang malah buat kecewa banyak banget oknum oknum grab suka cat calling suka ngegodain orang cara menjijikan bahkan sampe ngajak hotel harap lebih diperhatikan kesopanan pekerja,0
217,bagus kadang driver ugalugalanaku jatuh tp tidak tanggung jawabnyadan dpt kurang baikduduk nya mepet2 mau jatuh untung aja jarak dekat kepala ku sekarang sakitsaya cs wilayah sidoarjo,1
218,dong diperiksa semua driver nya daerah jambi kalo malam banyak upping price sampe 2 kali lipat bukan nya tidak mampu masa sampe segitu nya,0
219,pembelian tidak dibatalkan padahal minta bantuan beberapa kali gojek alasan sama tidak masuk akal,1
220,gojek bagus rekanan pinjol sangat tidak etika penagihan baru telat sehari cara nagih olah nasabah tidak mau bayar padahal cicilan kedua 3x cicilan cara menakut nakuti nasabah,1
221,2 kali pesen nunggu 2 jam lebih tidak dapet driver pas mau batalin malah tolak sama gojek maksud nyaa apaahh keburu tengah malem nungguin nya,0
222,tidak voucher harga naik mohon diturunkan spt minggu kemarin jadi pakai jasa gojek,1
223,aplikasi anjink paylater gua diblokir emang bi padahal gua lunasi gua berdoa semoga bangkrut lo gojek antek antek,1
224,aplikasi bagus pernah ngalamin salah tf 110rb driver gojek tp cs mau bantu dana potongan gocar nya banyak aplikasi sangat membantu recommended lahh,0
225,dong penyedia aplikasi dibenahi maps aplikasi nya biar user driver tidak kebingungan masa maps nya diputerin puterin pdahal pakai jalan umum dilewati orangorang,0
226,murah nda non tunai fitur nda dipakai karna driver tidak pakai non tunai maps sulit kalau cari lokasi,0
227,grab driver wajibkan pu uang kembalian costumer jadi rugi kalo hari kasih uang alasan uang ribuan sesekali masalah kalo tiap hari mikir aja jadi males pakai grab,0
228,driver sombong mentang mentang pakai grabcar hemat tidak mau terima padahal kejebak hujan,1
229,sebernar apk nya bagus masalah selalu terletak lokasi driver yng padahal bergerak map apk tidak bergerak,0
230,bintang satu karna tertinggal nya hp teman si driver tidak diajak kerja sama terakhir penanganan lama,1
231,bintang berbicara dulu pernah tibatiba voucher gojek senilai rp 10 10x perjalanan langsung masuk akun gojek,0
232,sangat membantu butuh bepergian terimah kasih maxime semoga tambah sukses terimah kasih pak supir bike,1
233,aplikasi tidak jangan didownload ngak sesuai aplikasi mau mencari tujuan ngak keluar sama sekali tidak jelas alamat,0
234,kalo pesen selalu cancle sampe 5x loh buru buru gojek,0
235,banyak penyusup hati hati banyak nipu 2 kali soal e tetep grabgojek pemenangya harga kualitas pelayanan,1
236,maxim menghubungkan layanan aneh tidak masuk pas masuk aplikasi game lancar aja,0
237,ada gojeksaya khususnyasangat terbantu kalau malas keluar rmhsmg pelayanan trus ditingkatkandari baik menjadi lbh baik lgmaksh gojek,1
238,ui user interface nya sangat jelek map tidak zoom inzoom out driver on the way lokasi penjemputan,0
239,semua driver grab sediakan uang kembalian sehari pakai grab 4 kali semua driver bilang tidak uang kembalian uang kecil,1
240,sedih akun tuduh penyalahan promo promo akun hilang padahal teman login melalui ponsel aplikasi gojek hp memesan makan tidak masalah tidak membuat akun pu satu akun,0
241,aplikasi jelek ganti2 driver sampek 3x pesan jam 646 sampek jam 720 sampek padahal dekat aplikasi djancok,0
242,ban gojek cancel oke aku salah apa tidak balik padahlkan aku pakek ktp mana buat akun baru klau tidak ywd pilihanku sisah 1 berarti grab,0
243,pengemudi ade humaedi motorcycle warna hitam nopol a5900nl selamat menikmati perjalanan rating 495 asik ajak berbicara sopan ramah,1
244,driver sangat ramah pilihan jalur nya bagus semoga selalu sehat dilancarluaskan rizki nya halal barokah,1
245,dong jangan masuh chat orang tidak dikenal aplikasi gojek spam sangat mengganggu rugi aplikasi bagus gini rusak gara2 spam,0
246,2 kali pesan gocar alamat tujuan aplikasi tidak sesuai pesan edit alamat tujuan ongkos naik lebih 2 kali lipat,0
247,titik perjalanan lemot map nya jd sulit melihat lokasi supir padahal update versi terbaru msh lemot aplikasi diperbaiki,0
248,gojek lebih baik oke thank you buat promo2 nya gojek jaya terus melayani konsumen mitra,1
249,sumpah grab kalau emang tidak dpet driver harus dibatalkan tulisan pusat bantuan tidak,1
250,mntap krn perjln jd lncar tepat wktu trimz buat rekan2 grab ati2 d jalan jgn lupa jaga kondisi,1
251,menjangkau area jauh pangkalan ojek urgensi butuh transportasi cepat terima kasih gojek semoga makin sukses,1
252,sumpah hari susah banget dapet gocar nya padahal ngejar kereta nyangkut sama driver kirain lama bener mau jalan tau nya dah nunggu lama cancel,1
253,kak bagaimana cara daftar maxim audah berulang kali daftar lewat pesan telpn bahkan pakai kode perfikasi tetap tdk,0
254,mobil datang tempo cepat tak terlalu lama menunggu pengemudi ramah sangat membantu penumpang,1
255,sering jauhkan lokasi tujuan caci maki drivermembawa motor ugalan turunkan padasaat jalan,1
256,maxsim bagus sayang nya nga fitur telpon buat driver sama buat poto kalau gojek buat amit maxsim biar telpon donk,0
257,didaerah pemalang grab jam 0530 wib pesen grabcar utk ibu melahirkan susah sekali pdahal darurat utk pergi rs,1
258,sekarang susah banget dapet driver terlalu pilih pilih males padahal selalu kasih tips bertahun tahun pakai skrg kesel banget driver kalo gamau pick up yaudah langsung cancel aja jngn dibiarin nunggu lama lama tidak gerak gerak tidak mau konfirmasi,1
259,bayar ongkir mahal driver keterima kecil kasian buat driver perbaiki buat ongkir driver biar konsumen bertahan bersama grab,1
260,kalau hujan banyak driver dekat lama banget nyantol nya iyasih tau kalau hujan please padahal pakai harga teratas pencarian cepatpun tetp tidak gercep,1
261,tiap pesen go ride selalu lama dapet mau ujan ato engga selalu lama nunggu sampe setengah jam lebih ngga dapet dapet ngga rekomen buat dikejar waktu perbaiki tuh suka matiin aplikasi,0
262,oke cuma sering dapet ojek kejauhan 79 menitan kan ngga selalu pergi jauh pergi cm 6 menit dpt ojek 68 mnitan nunggu kalau urgent jd ngecansel,0
263,bagus sangat memuaskan pelayanan bagus semoga makin maju sukses makin banyak memberi diskonpotongan harga makasih gojek atas layanan cepat mantap,1
264,gojek sekarang mtr kadang tidak sesuai pakai daftar aplikasi l kadang mtr maaf kurang layak buat dipake tetap dipake buat narik bukan pendaftaran minimal tahun kendaraan,0
265,nyesek banget mau rmh sakit pesen gocar dr hemat prioritas 1 jam lebih tidak nyantol,0
266,banayk iklan tidak jelas padahal main geme seru seru nya keluar tiba tiba karna iklan iklan jangan ganggu,1
267,gojek tidak masa mau login gagal terus terlalu banyak mencoba malah disuruh nunggu 1 jam dasar aplikasi tidak,1
268,terlalu lama nunggu kata 2 menit perjalanan driver nya tidak jalan jalan maps nya,1
269,update tidak liat posisi driver mohon tampilkan posisi dirver maps sebelum terimakasih,0
270,aplikasi nya ngelag padahal nya lancar lancar aja hp nya restart sama aja perbaiki sering pakai grab,0
271,gojek tolonglah maps benerin jangan kasih rute terpendek jalan dilalui menyulitkan driver berikan rute tercepat bukan terpendek maps masa pondok indah bekasi 60 ribu buka google maps diarahin rute tercepat lewat toll jadi 30km,0
272,pertama kali pakai mudah tujuan memberikan bintang 5 sayang malah eror jaringankoneksi internet terputus perjalanan walaupun nyalakan koneksi internet tetap tidak berfungsi harap kesalahan solusi terimakasih,1
273,aplikasi tidak jelas susah cari gocar cancel seenak padahal nunggu lama pelayanan diperbaiki g kompensasi,1
274,update versi terbaru malah error geogle map gojek nyatolong dong perbaiki geogle map gojek nya biar akurat lokasi tujuankasih rute pas lalui,0
275,2 bulan berat banget apk nya bkin ngelag hp ram 4gb apk ojek online apa yutub sih buka kok malah otomatus mutar video tidak jelas bikin berat,0
276,3 kali pesan aja gc dapet driver 2 jam nunggu tiga kali batal,0
277,sekarang aman cepat driver harga paling murah jadi pilihan cuma satu tetap memperhatikan driver sering dengar cerita driver ulasan negatif padahal pelayanan sesuai,1
278,cari driver susah ngga cepat kaya dulu sistem semakin aneh it terlalu pintar jadi sulit cari driver,1
279,sangat membantu sering temui driver meminta bayaran lebih memesan 2 tempat baru satu tempat tandai selesai perjalanan usahakan pihak grab menyediakan fitur block driver tq,0
280,min bug pembayaran masak iyaa pembeli gratis giliran gojek bayar jadi serasa sistem ngebug uang tidak seberapa bikin hati dagdigdug diluar ekspetasi kecewa berat updet min,0
281,makin lama makin tidak beres nya aplk gojek mesan gocar selalu cancel pengemudi selalu susah buat dapati pengemudi diperbaiki la,1
282,diperbaiki sistem beberapa kali pas pesen goride 1 malah dapet 2 driver kasian driver satu jadi dibatalin,0
283,haduh grab gimana urgent malah cancel terus sama driver hampir 2jam nunggu gaada,0
284,semua baik semoga semakin baik sejalan berkembang teknologi kurang informasi waktu penjemputan kadang tertulis dilayar 5 menit driver mengambil tiba ditempat penjemputan 15 menit,0
285,padahal engga download apk gojek email masuk notif gojek gitu min,0
286,lama dapet driver estimasi 30 40 menit 2 jam tidak sampe sampe kacau chat bantuan berbelit belit,0
287,driver gocar belagu najeng cancel mulu kejauhan lah macetlahh lah dong dipilih driver mau kerja jangan cuma nyari trip jauh aja susah nyari driver berkali cancel belagu bangt najs,1
288,mantab pengemudi prancis limbong honda mobilio warna hitam nopol bp1536dh selamat menikmati perjalanan rating 485,1
289,dong grab beberapa kali pesen grab motor slalu tidak bergerak titik awal chat tidak balasan driver mau tidak mau batalinlebih 10 menit nunggu perbaiki dong kualitas maps sulit buat zoom,0
290,pengiriman tambhkan ongkos kebutuhan pelaku gojek sangat naik dinegara terimakasih,1
291,berdasarkan pengalaman akhir menggunakan grab mendapatkan driver jarak nya cukup jauh titik penjemputan,1
292,2018 sama sekali gapernah menggunakan gojek 2024 full pengguna gojek kecewa jarang promo good deal,1
293,keren harga aman tp kasian sama driver kasih bonus lah biar semangat buat menghidupkan kel nya,1
294,aplikasi buruk driver terdekat malah dapet jauh pakai otak datang pakai bensin bukan pakai modal cuma cuma perusahaan mu,1
295,pesen grab car supir nya lempar2 terus maksud gimana inibikin kerja telattolong dong kerjasama nya kalau tidak niat kerja gausah kerja bikin orang telat aja,1
296,si driver nu selalu lama padahal cm 2 menit kdg nunggu smpe 5 menit lebih,0
297,admin gocar nya ngasih nya jauh jauhwkwkkw mbok ngasih jgn jauh jauhkasian driver nya penumpang butuh waktu maaf bintang 1 buat aplikasi,1
298,sekarang grabcar pelayanan buruk banget sumpah minta suruh cancel terus alesan jauh pdahal cuma 10menit tidak deh make grabcar,0
299,tiap dibuka aplikasi nya loading nya lama terus ngelag ngelag posisi driver sering tidak bergerak padahal titik,0
300,tau semua tidak sempurna sedikit pengalaman mengganggu hati salah satu oknum ojek mungkin nya terjadi bohong perihal tarif kalo offline lebih mahal ongkos nya mas ojek said,1
301,orang tak dikenal berbicara sangat tidak sopan melecehkan melalui chat aplikasi gojek what the hell,0
302,semua daerah malang tidak titik lokasi jadi bingung mau ngeklik terus driver daerah malang tidak profesional aku diturunin jauh titik lokasi,0
303,sampe sekarang keinget pas pesen go car mo rumah sakit pas mo bayar tidak mau driver nya baik makasih dah membantusehat smoga rejeki berlimpah jenengan pak sopir,0
304,kalau driver sering cancel kasih peringatan sumpah tiap pagi selalu gitu batalin terus alasan jauh lah lah lah padhal pakai prioritas bukan hemat kadang nakal minta duit parkir padhal tidak,1
305,alamat maps susah bener ngatur nyaa diperbaiki dong ngga pilihan buat cancel kalo lama lama gini kasian pihak driver grab jadi kekurangan penghasilan orang2 pindah aplikasi,0
306,kali pesen gocar selalu sulit ataupun cancel pihak driver pelayanan nya memang maaf driver slalu pilih2 konsumen nominal harga trip,1
307,diperbaiki maps nya rute muter jadi ongkos lebih mahal biasa driver lewat jalan biasa tidak mengikuti maps nya,0
308,jangan pilihan grab car hemat chat driver minta lebih argo lebih teliti mencari driver khusus driver grab car,1
309,mau download bukti transaksi kok tidak download download seminggu an begini padahal mau buat report perjalanan dinas aplikasi diperbaiki,0
310,nunggu driver lama kendaran tidak terawat nomor polisi lama mati atribut kayak baju pengemis driver nya beda tidak patuh rambu lalulitas perempatan suka ngebut mantan pembalap liar yaa driver nya sngat tidak mngutamakn keamanan knyamanan pelanggan,1
311,aplikasi bagus driver nya lama lama perbaiki aplikasi lag parah padahal hp tidak aplikasi apa apa cuma grab wa tt aja lag apk grab nya padahal kemarin kemarin ngga,1
312,akun grab nya tibatiba keluar tidak digunakan padahal mesen grabcar gabisa cek lokasi driver sampe,0
313,aplikasi sayang oknum driver tidak proporsional menfcancel penumpang naik membawa penumpang tidak melalui aplikasi sangat membahayakan,0
314,gojek makin kesini makin kurang nyaman driver banyak kurang ramah terutama pas pesan gocar pesan gocar xl malah dimarahin driver karna 6 orang padahal fitur xl 46 orang maaf banget gojek diperhatikan sikap driver,0
315,tidak pernah telat bayar paylater malah block paylater nya pemberitahuan terlebih chat gojek malah robot jawab kecewa banget mending uninstall ajaa,0
316,sejauh wort it pakai maxim sih dibanding ijo2 driver nya lelet2 kalau jemput ribet maxim tinggal bang disini tidak lama dateng driver twu jalan tidak ribet,1
317,aplikasi suka error pakai hp flagship berati error aplikasi tidak buka chat kadang buka menu error kasian driver chat tidak dibalas,0
318,driver sangat membantutapi kasian omset buat driver terlalu kecil semoga pihak grab sering kasih bonus buat driver,1
319,cross cek driver atas nama novriza ramadhani argata motorcycle bewarna merah nopol h4533yq rating apk 42 mengancam memeras bukti chat kejadian 23 februari 2025 pukul 2200 wib,0
320,ni aplikasi tololl banget dah mau cancel persulit tidak jelas bet nungguin sampe hampir 3 jam tidak driver tidak jelas banget cok,0
321,kasih paham pekerja nya kalo mau kerja jangan pilih pilih kerjaan banyak driver waktu tertentu alasa pesen rame,1
322,berangkat kerja waktu hujan okeylah cepat driver lah waktu pulang kerja hujan reda malah lama banget dpt driver nungguin 2 jam nihh min lebih diperhatikan min,0
323,pernah pakai aplikasi gojek kamu download aplikasi gojek play store app store,0
324,aneh sama ojol maxim jd double pembayaran tdny pakai kasprolalu akhirny berpindah jadi tunai cek kaspro berkurang,0
325,pesen gojek tidak kesini sampe ketinggalan kereta nungguin gocar nya bener bener rugi 1200juta,1
326,upgrade pembatalan driver sering banget pesen selalu dapet driver susahbeda sama shopee 1x 2x gagal langsung driver tidak cancel,0
327,bagus sih cuman aja lag pas akses lama banget pas nyari tempat maps nya kayak smoothlancar gitu benering dong min,0
328,sering dapet driver manja padahal titik jemput 2km cancel terus 5 kali tidak bales waktu chat nunggu lama padahal tidak dateng dateng al hasil waktu lama banget buat nunggu 1jam nunggu driver padahal buru buru,0
329,titik map benerin dong sesuai sama google males banget debat sama driver tidak sesuai titik alamat bener padahal,0
330,yah sya pesan driver driver alya chatan menunggu tetiba ditelpon driver sigra nopol sama chat sya driver alya hilang obrolan aneh,1
331,depan kantor aja pendaftaran driver ditutup ternyata eh ternyata tetep aja buka pendaftaran alasan opang grab vip lain-lain kantor jangan mau perhatikan driver jga mitra perhatikan tarif nya murah suspend pm pemberitahuan driver,0
332,buat pusat grab perbaiki jangan dikit tangguhkan buat driver jngn gampang melaporkan krna laporan km menghilangkan rezeki driver lain,1
333,kocak apl ngaco milih tempat tujuan aja susah banget milih peta cari gabisa,1
334,suka driver tidak ramah ngomong nya kasar memang tidak semua sering,1
335,sangat kecewa aplikasi gojek aplikasi nya mengalami error memesan gocar memang sedang macet aplikasi awal tertulis nya 3 menit tiba tiba berubah menjadi 10 menit ternyata cek gocar nya sampe tujuan,0
336,aneh bayar lancar ajaknp paylater diblokir gimana mau dipakai kalau begini tidak penjelasan tau tau diblokir aja,0
337,baik sih cm apapun rute harus legowo berjuang jgn ngedumel dulu jalan sempitlah bnyak kelok lah padahal siap byr lebih itudan jalan sering dilalui car online,1
338,aplikasi sialan cari driver susah cancel terus padahal jemput orang sakit parah tidak fitur ngelaporin driver cancel apa,1
339,kurang enak suka lama banget dapet draiver sampe 20 menit nunggu cari draiver dulu mah cepet 1 menit 2 menit langsung dapet,0
340,hadeh aplikasi bagus pesan perjalanan klatakantanggul sempet terima sm driver lalu 3 mnt setelah hilang mungkin cancel dr driver males banget kalau padahal bayar tidak gratis nama driver muhamad zaini kecewa aja si kalau fitur cancel gt wkwk,0
341,lama pakai gojek pakai gojek harga murah ko sayang diperbaiki kalau hujan gocar tetap terus kecantol kalau pakai goride oke bangett karna lebih praktis cepet bngt gtu nyantol customer mana driver baik ramah semua,1
342,maxim tlong kalau map tidak bs akurat minimal edukasi driver liat catatan customer nya gara2 map brmsalah hmpir kelahi sama driver krn nyalahin kasi titik tujuan salah pdahal ksi catatan tp tidak dibaca,0
343,susah banget nyangkut gocar nyasuka tidak responsma suka dpt jarak nya jauh dr tmpt sekarang perbaiki min,1
344,kalo seleksi driver minimal tahu lokasi kota diambil jangan mengandalkan titik sesuai tidak usah jadi driver kalo tidak tahu lokasi,1
345,tidak mulai menormalisasikan tidak merokok kendaraan bau asap rokok susah hilangapalgi penumpang grabcar anak anakbumilorang tuabaik kondisi sehat ataupun sakit please pengemudi konsumenhargai paru paru keluarga andadan penumpqng,1
346,driver sini kurang ajar tau salah malah ngotot malah narik baju jalanan daerah mall lippo karawaci 26012025 930 periksa driver kurang ajar,0
347,naik kereta malam palembang jam 3 datang palembang pesan go car selalu cancel driver driver alasan estafet customer la lain-lain,0
348,apk astaghfirullah sekali masa mau daftar malah tidak dikasih kode terus nyoba cara malah sulit,1
349,it terlalu sering gonta ganti cara pemakaian jd eror terua driver telpon bebrunyi tp tidak bs diangkat tidak muncul hp,0
350,terlalu banyak gaya aplikasi gojek mau daftar mau tunggu 60 menit kira aplikasi transportasi kau aja y,0
351,terimakasih abang anterin bapa abang nya ramah humoris lancar terus rezeki bangg,1
352,gimana sih aplikasi tidak hubungi driver driver kebatal padahal tidak batalin,0
353,aplikasi update notif pengaturan setting kena tetep tidak muncul notif nya masuk aplikasi dulu buat ngecek driver ngechatposisi,0
354,tarif mahal potongan buat driver 30 lebih kasian woi sama driver kerja si gojek nguntungin kayak zaman kolonial aja,1
355,dong perbaikimasa pesen gocar 5x lebih tolakin terus padahal rute nya tidak jauh malah dibilang jauhha gerimis doang gitu bawa anak kecilsangat kecewa sama driver gocar mohon perbaiki,0
356,harga argo penumpang sama si sopir beda driver ta lewat jalan mana kalo pendatang tidak tau jalan gimana,0
357,mahal cari driver susah trs bnyak driver kurang sopan akun jadi ank sultan saking lama sering pke gojek stelah hapir 6 thnan putuskan pindah grab krna tidak enak pke gojek,1
358,aplikasi tidak anjir nunggu driver doang ampe 45 menit lebih mana tidak cancel,0
359,aplikasi susah buka padahal sinyal lancar tidak jelas bangetpadahal butuh butuh nya buat nyari jemputanmalah susahalasan sinyal tidak tersambungpadahal buat buka aplikasi tidak kendalalancar banget malahan perbaikan nya developer,0
360,dapet driver tp tidak mau ambil padahal jarak tidak jauh sampe 4x ganti driver,0
361,parah lu maxim tebet manggarai biasa 12k jadi 20k ngasih jalur nya mana jadi jauh banget inget saingan lu grabe sama gojek,0
362,driver nya baik pas hujan menyediakan jas hujan jadi perjalanan sy tidak terhambatjadi tepat waktu terima kasih semoga sehat selalu rejeki banyak berkahi,1
363,dong kasih tau driver motor cuman tinggal minjem duit hp bawa kabur sama driver kejadian kamis sore naik pademangan pesing hp bawa kabur,0
364,bepergian gojek aman terkendali sistem aplikasi nya termonitor baik transportasi umum sangatlah paripurna pelayanan baik bertanggung jawab,1
365,goride hemat jangan taro bawah dongtaro paling ataskalo orang gatau ngira goride hemat gaada,1
366,gojek perbaiki waktu login verifikasi wajah selalu gagal pencahayaanlahkurang teranglah nunggu berapa intinlah buat login aja ribet cocok bintang 1 dululah,1
367,males ngawur email 30 akun keterangan dipakai semua padahal tidak pernah nyentuh gojek sekali login dulu tidak pakai email malah kepakai email pu orang benerin tidak,0
368,baaiik banget bapak nya ramah lebih murah aplikasi dri aplikasi ojek,1
369,kebanyakan cancel rata rata gojek ad ngebales chat tpi ujung ujung tetap cancel 35 menit buang waktu,0
370,bagus banyak driver ramahh temuii disinii semogaa kedepannyaa selaluu banyak driver ramah tidak menyalahi peraturan maxim berlangganan menggunakan maxim lama,1
371,kalau kata parah banget sih lu tarif murah murah bngt kasian driver lah mikir apa cuy kasihan deiver masa tarif motor goceng berkilo2 mobil 14rb berkilo2 tidak mikir apa butuh bensin lain2 kalau bangkrut kan lu susah parah bener lu,1
372,minta diperbaiki maps krna sya selalu dpat driver lumayan jauh terpantau maps tidak akurat masak driver muter2 terus stelah aplikasi sya ttup buka tiba tiba driver dekat,0
373,cuaca bagus jam sibuk kagak cari driver kaya cari emas lama kayak hewan hibernasi,1
374,overall bagus kadang satu driver kadang nyebelin min info dong bandara sultan mahmud badaruddin ii palembang gocar airport,1
375,tarif mahal tidak sesuai kendaraan bikin tidak nyaman kotor ac panas mau cari alamat tidak lengkap,1
376,goride nya error pesen sekali datang pengemudi sangat merugikan orang maupun pengemudi mohon fix,0
377,sebenar grab sangat membantucuma mo bayar pke duit lbih selalu bilng tidak kmbalianaph trik nya padahal klu driver nya siap kmbalian brapa punaku selalu lebihintpi konsisten jgn mau lbihan selalu bilng tidak kmbalian,1
378,aplikasi disaat jam sibuk hujan suka mengalami gangguan driver jauh lalu tiba tiba dekat mencari driver baru,0
379,buruk maps tidak jalan sekali jalan tidak lancar alias stuck stuck jadi tiba tiba sampe aja driver jadi tau driver tidak jalan,0
380,grab kok akhir akhir layanan nya malah turun yapesan dgn tarif hemat 5 kali batalkan driver perlu perbaikan,0
381,gmn cara login akun logout menggunakan nomor hp dikarenakan email lama tidak aktif,0
382,sangat kecewa sekarang pencarian driver mobil xl sangat susah banyak ta brp orng kalau jwb 5 langsung minta cancel padhl gocar nya tipe xl,0
383,aplikasi grab driver tidak instal hp realme c11 2021 keterangan perangkat tidak kompatibel hp,0
384,sangat sulit mencari driver jam 5 pagi jadi telat mau sekolah sekali nya driver dikasih nya driver posisi nya jauh banget mohon pihak gojek memperbaiki karna sangat menggangu aktivitas sehari makasih,1
385,aplikasi overall bagus selama sma kls 2 sampe kuliah smstr 6 pelayanan selalu memuaskan driver sangat terlatih,0
386,tiba tiba langganan gojek plus 90 days padahal ngga pernah pakai trial apa mana ngga direfund 34rb melayang manfaat tidak ketahui tim gojek balas respon mau refund bukan pembatalan langganan refund,0
387,suka banget tiap hari promo sembako sayang tidak pernah dapet gratis ongkir plosok aku jarang dapet driver uu,1
388,baru ku install langsung nyoba grabcar dapet lebih murah 10k apps ijo sebelah eh giliran jalan kok beda arah jalan nya beneran pas tujuan todong harga awal 80 10tol jadi 150 alasan nya macet lah maps aja lancar gajelas,0
389,alhamdulillah selalu dpt driver ramah cekatan selaau mengendarai kendaraan sgt hati2sehat sellau babang ojek gusti mberkahi,1
390,semenjak d update sekarang pernah dpt voucher walaupun penguna baru sangat tidak nyaman pakai gojek,1
391,bila mana driver cancel penumpang beri kompensasi sebalik bila penumpang cancel kasih kompensasi driver,1
392,sangat tidak nyaman daerah banyak driver pesan tidak merespon,0
393,maps kurang akurat byk driver pakai fake lokasi driver jauh maaf akhir ojol sebelah,0
394,admin driver nya ajari kalo scene qris nya hilang cara mengatasi terima kasih,0
395,bugs apk nya perbaiki donk 3 kali kejadian jemput nya doubel kasihan driver nya,0
396,nyari alamat susah titik suka mleset susah dapet driver giliran dapet chat susah tlfn susah fhoto chat tidak marahin driver kata akun tidak kasih nama mana tau kapok pesen maxim driver uring uringan kata argo tidak seberapa,0
397,yach paylater diperbaiki bayar tagihan muncul notifikasi lunas error kok disaat mau limit jatuh tempo kalau aplikasi nya gojek tutup selamalama terimakasih,0
398,bangeetmembantutp terkadang driver sdh dipickup tp ngk bertanggung jawabmalah minta dibatalkansangsi tegas itungk niat bikin jelek nama driver mmng bagus kinerja kerjanyasemngaatt sukses sllu gojek,0
399,masa penumpang turunin tengah jalan malam tujuan jauhh 0312 no pol motor b 5583 tca,0
400,tlong dong tau gmn cara pembayaran tunai tidak dipakai dicoba berulang kali tidak,0
401,bener kacau selalu kacau gocar kalau emang nganter penumpang driver nya tidak usah ambil penumpang dulu coy plis lah lama nunggu perbaiki,1
402,limit ganaik2 padahal lancar pembayaran pngajuan pinjaman 2x gagal apa harusd banggakan aplikasi tdak app sebelah padatin memori aja go unistall,0
403,parahpesen goride skrg mahal jrk rmh cm 4 km 18 rbu biasany 10 rbuskrg g voucher utk pnumpang voucher hny brlaku bgi memiliki kartu kredit sgla bank,0
404,driver tidak jelas waktu penjemputan malah makin jauh titik penjemputan chat tidak balasan tlf tidak angkat nunggu 20 mnt tidak kepastian hadeh,0
405,gojek makin lama makin anehh maps jadi tidak karuan antra driver pelanggan padahal pengguna lama makin buruk dibagian maps,1
406,berhenti lah mengkotakkotakan driver driver bagian rakyat indonesia hentikan semua program jelas merugikan mitra pemerintah turun tangan memaksa kalian gojek lebih memanusiakan mitra bandingkan gojek sekarang,1
407,aplikasi sangat membantutapi tlnglah jarak jemput jangan terlalu jauhkemarin pesan khusus penumpang driver minta batalin jarak terlalu jauh mau mau batalkan,0
408,pas tidak kendaraan pribadi gojek memudahkan transportasi tempat tujuan cepat terimakasih gojek,0
409,aneh banget pengemudi nya anehaneh aplikasi aneh waktu tunggu aplikasi 10 menit dirungguin 10 menit berganti tulisan dricer segera padahal driver sangat jauh alhasil nunggu driver 40 menit mau cancep gaenak sama driver nya,0
410,3 hari pesan express tidak dpt driver chat admin kata hujan org cerah bgtu masa iya 3 hari plus hari 4 hari ujan hari padahal jarak cuman 15km,0
411,enggaak banget masa kata mencari pelaksana terdekat kok nga tolak semua,0
412,makin kesini makin tidak jelas si gojek pu limit paylater gabisa dipake padahal gapu tagihan paylater dibayar,1
413,mohon yaa maxim lebih perbaiki terlambat mau kampus ehh maxim mencari pelaksana terdekat 2 jam nunggu minimal bgusin kek ksih bintang 1,0
414,buatkan fitur foto shg pelanggan mengirimkan lokasi akurat driver sprti gab gek kasian cari2an terimakasih,1
415,mohon maaf pindah toko sebelah selisih lumayan skrg gojek harga naiklebih mahal toko sebelah padahal sering banget pakai sehari pp pakai ojek terus,0
416,gabisa batalin grab datang terus orang nya beda beda otomatis lempar driver padahal driver pertama lambat tidak respon selama 1 jam lebih akhir pakai apk,0
417,seneng sih tarif murah tp kasian abang sy kalau tarif murah inisiatif ngasih tip driver nya biar sesuai tarif aplikasi nya,1
418,banget dong hampir 2 jam mesen grab car tidak ambil ambil keadaan urgent susah banget grab car lebih diperhatikan dong waktu kebuang banyak banget cuman buat nungguin grabcar tidak jelas,0
419,sangat membantu akurat cuman sayang suka driver pilih pilih jarak kalau dekat suka minta cancle perhitungan ongkos padahal pelanggan ngerti suka ngasih tambahan ongkos merasa terbantu,1
420,tidak jelas wifi kencang tidak gangguan utk main game lancar giliran aplikasi blg internet mati terus internet tidak stabil lah,0
421,banyak driver alasan gaada kembalian sangat merugikan customer khusus mahasiswa wisatawan diperbaiki edukasi driver nya diberikan pelanggaranfitur lapor driver melakukan tindakan,1
422,mesen tunai bayar k driver keterangan bayar nontunai bsa menyelesaikan pemesanan berikut padahal bayar,0
423,mksh bang bantu klrga dr jakarta org biasa tidak py mobil pihak grab bantu bila penumpang klrga sy pesan grab dr rmh permudah,1
424,knpa skrng driver sering cancel jelek banget gojek skrng sy minggu tidak bs pakai goride go grabe cz driver sering cancel tidak prnh akhir cr gojek pangkalan mahal dikit tp cpt dpt ojek d perbaiki pr driver,1
425,driver nya jorok semua jgn pesan disini driver nya naik ugal2an kalo dijln,1
426,driver sangat lama layanan cs tidak estimasi waktu tidak driver tidak berubah tidak berguna seenggak baikin dulu lah sistem nya buat kenyamanan customer,1
427,fitur chat gojek tdk penyelesaian sy paka aplikasi gojek fitur chat tdk menyesaikan masalah,0
428,assalamualaikum kk admin driver tinggal padang kota sering dengar keluhan driver maxim nya karna tempat penarikan uang ewallet nya tidak terdaftar khusus padang kota kasian driver nya,0
429,maau cancel gegara tidak driver soal ujan nunggu 1 jam tidak mndng nyari sndiri cancel kata on the way mana,0
430,aku sangat senang memakai gojek respon pelayanan customer sangat cepat tepat terima kasih gojek indonesia hadir kamu,1
431,karna driver minta cancel 2 x cari driver lain tidak dapet karna alasan terlalu sering memencet kecewa sama apk sampah,0
432,boking pukul 3 sampe pukul 5 tidak driverkenapa kalo boking sekarang lamadan sampe berkali kalimuncul keterangan wadidaw kebanyakan pencetpadahal tidak mencetmohon dimudahkan,0
433,maxim tidak jelas penumpanh turunkan jalangak ramah banget cuma gara2 ongkos kecil nganter sampe gerbang perumahan dong kykgini kalitolong sleksi driver,0
434,dong kalau terima calon driver seleksi dl manusia nya jangan bodoh tolol nyolot,1
435,akhir akhir harga tidak masuk akal mesen gojek buat kampus biasa harga normal tiba tiba naik sampe 2 kali lipat dibanding sama aplikasi sebelah harga tetap normal,0
436,apk makin lama makin tidak jelas khusus driver semua pemalas sombong dekil kaya orang tidak niat cari rejeki heran,1
437,peta aplikasi sering delayed jadi memantau kendaraan dipesan menjadi sangat sulit tidak membantu mengarahkan driver tidak kesasar,0
438,driver banyak pasif aplikasi diaktifkan orang tiduran dirumah nunggu driver kayak nunggu pejabat datang acara lama banget,1
439,keren sih ada program grab hemat driver fg motor terbaru besar mantap deh grab,1
440,apkasi nya jelek pingin lewat tol serang penimbang arahin nya jalan biasa g kaya apkasi greb langsung rute tol perbaiki aplikasi nya cari lebih cepat terlambat waktu penting,0
441,nyoba sistem maxim wallet isi pertama kali menggunakan bank sebesar 30 output keluar malah 270 siapa ngambil keterangan cara pembayaran tidak biaya admin lebih parah banyak drive menolak menggunakan maxim wallet alasan sistem sedang eror,0
442,skr gojek dibawah bintang 1 rating jelek busuk lama bukan krn sinyal gue gue bandingin barengan mesen grb enjoy cpt,1
443,driver oke titik maps aneh susah ngepasin jadi sering salah benerin maps nya,0
444,penitikan lokasi jemputtujuan tidak nitik manual kalau patokan lokasi input manual input lokasi sering lokasi tidak tersedia coba belajar grab gojek,0
445,gojek skrng terlalu bnyak kurang membuat pengguna gojek kurang nyaman memakai aplikasi banyak keluhan tetap gaada perubahan sama skli heraan,1
446,driver kalo oderan malam selalu ngancem castamer daerah jatiasih sekitar mau ramein ama driver maxim mau ramein rumah castamer nya pusat maxim tindak lanjutin daerah jatiasih sekitar,1
447,driver tidak sopan berbicara tidak sewajar nya ngejugde sebutan buta padahal nunggu 20 menit mempermalukan tempat ramai bentak2 sangat kecewa padahal sya pengguna maxim cukup lama benar2 kelewatan sangat tidak rekomen,1
448,jelek bngt sumpah kalo ujan driver nya manja kalo dapet nya minta cancel kecewa banget padahal pengguna lama loh gimna sih,1
449,driver sangat ramah cpt respon dn sangat tenang bawa kendaraan ny maka ksh bintang 5,1
450,potongan sangat besar beban kan pihak konsumen driver sedikit aplikasi perbudakan founder malaysia emang negara musuh indonesia,1
451,baru kali pakai gojek cancel 3x kecewa sekali mohon maaf pindah aplikasi,1
452,susah dapet driver sampe pesan 2x pertama telat 20menit lebih malah cancel kedua nunggu 20menit lebih cancel hadeh,0
453,driver engkong2 walaupun gemetar naek paling tidak maxim mau memberi pekerjaan tidak memandang usiabuat engkong driversehat terus,1
454,gojekkita kemanapun kapanpun mauu tarif hemat ayoo buruan cobain gojek guys,1
455,driver banyak alesa penuh biar nambah layanan prioritas 30 baru driver gini kok konsumen bener sebagian kabur kasian driver banyak nongkrong,1
456,customer platinum jangan dikasi driver bintang nya 49 dong gimana sih buat sistem,1
457,menggunakan aplikasi gojek transportasi sangat membantu berpergian mana sangat gampang digunakan,1
458,selalu susah cari pengemudi malah pengemudi jarak jauh nego harga tidak bjsa,1
459,pelanggan memakai jasa maxim harap dilakukan verifikasi ktp terlebih banyak penipuan kasihan driver maxim,1
460,makin kesini makin jelek sering tlat gara kata driver grab map tidak akurat tlong dprbaiki tau balikin google map biar costumer tidak pindah apk se belah,0
461,pay later blokir bulan dersember padahal pembayaran lancar bahkan pembayaran lancar bulan depan mau isi token listrik nih gimana malem nih hadeh,0
462,banyak driver nya minta bayaran tidak sesuai tertera aplikasi khusus area kota kupang ntt maxim lebih teliti perekrutan driver jngan orang gila d acc jd driver,1
463,maps sering tidak bergerakdriver nya muter2pesan gocar prioritas menunggu 30 menit padahal jalanan lancar,0
464,jelek banget susah dpt gojek padahal banyak malah dapet jauh jauh jarang promo perjalanan dekt aja malah dimahal mahalin,1
465,driver nya ramah baik pelanggan pu trauma jatuh driver mau nurutin pelan pelan driver sangat terpercaya terima kasih pak driver sehat sehat terus pak,1
466,dapet driver susah banget cancel kalau driver tidak sesuai sama harga aplikasi mending samain deh argo nya kalo kyk gini nunggu lama banget cancel terus,1
467,motor bagus banget hemat mobil nunggu hampir 20 menit lebih tidak dapet padahal banyak driver kalo gamau ambil matiin ajh aplikasi,0
468,peke gocar hemat jam set 2 sampe jm set 5 gaada satu driver mau ambil padahal nominal pembayaran semakin naik melebihi gocar biasa sangat tidak menyenangkan,0
469,disaat butuh banget susah sekali cari gojek padahal jm 6 pagi ni jam 8 tidak sekali kesel,0
470,tidak kwatir lgi takut tidak pulang tidak pu kendaraan pribadi semenjak gojek is the best lah pokok,1
471,dong min tindak lanjutin malah dapet driver rating bermasalah,0
472,nunggu 2 jam buat dapetin driver doang estimasi aplikasi 1 jam bukti 2 jam jalan dapet driver malah cancel sepihak gojek edit akhir 5 jam nunggu sip naik 1 bintang,0
473,aplikasi pengen untung aja tidak mementingkan driver kalo perusahaan mau kerjasamabisnis grab paling semangat liat kalo driver nya ngeluh pengen mengungkapkan perasaan selama dilapangan ehh malah pura pura tidak denger dasar kacang lupa kulit,1
474,kapok aku pke grab baru kali aku bikin kapok tidak dpt driver haruss cancel tidak customer hrus nunggu 2jam bhkan lebih bikin kapok tahun tahunan pakai aplikasi baru kali aku bikin bener bener emosi,0
475,lama nunggu driver tidak dibatalin padahal laporan berkali kali ujung2 sejam lebih baru apl nya batalin dasar aneh,0
476,alhamdulilah ramah banget mau menolong penumpang nyh bangus banget makasih pak mau menolong keluarga ku,1
477,driver comfort banyak berlagu merasa dibutuhkan mkn lbh baik competitor gocar kayak sering alami nunggu lama tiba dibatalin alasa ngopi hari sdh dikasi tau dilobi mutar2 tempat trs chat minta dibatalin kan membagongkan,0
478,kalau pesan gocar ad diskon pad nd sopan nd sopan suka cancel customer seenak tegur,1
479,boking driver tertera aplikasi harga sampe tujuan cuma 16 ribu 3 orangsudah smpai tujuan diminta 30rbu kata per orang 10rbu andai aplikasi ters kejujuran manusia jdi tukang driver apalah daya mau minta sma siapa,0
480,tidak sesuai kata grabcar hemat 4 orang aku pesen grabcar hemat bawa 4 orang d suruh make mesene trs d suruh bayar normal tadi cuma 12k jadi 26k,0
481,aplikasi nya bagus harga nya berubah berubah terus cuma berapa menit aja pas mau pesan harga nya naik tidak jelas perbaiki gojek,1
482,sedikit kecewa sih pengalaman grabcar hemat lumayan tuh diskon pelayanan kurang memuaskan dong pelayanan tingkatkan pernah bilang tidak enak sama driver bilang minus lah rugi adain grab car hemat grab bike hemat,1
483,alhamdulillah ni selalu driver baik ramah semoga selalu menjaga keselamatan penumpang nya aamin allahumma aamin,1
484,hai gojek meminta munculkan fitur hapus riwayat transaksi karna merasa sangat dirugikan akibat riwayat transaksi dilihat buat hapus riwayat transaksi lebih sulit verivikasi sidik jari wajah sebagai gojek sangat meminta,1
485,very good pertahankan tarif murah 75009500 selama sebulan sangat membantu pencari uang berhemat biaya transportasi,0
486,grab kok map beda sama google mao pesen titik bingung karna beda sama google map takut driver bingung coba perbaiki map,0
487,suami pakai gojek alamat tujuan jauh alasan gojek tidak pernah nganter stasiun leles malah turunin pasar leles jarak jauh stasiun masa driver tidak baca maps tanya2 penumpang,0
488,bagus sih murah kadang kasihan sama driver biasa pas promo harga grabcar hemat sama grab motor,1
489,maxim sukabumi banyak nawar harga ditentukan mohon diadakan penilaian driver lebih rinci tidak oknum,1
490,jalan kost kantor selesai cor tarif nya tarif lama muter dong update,0
491,jadi mahal banget biasa kampus cuma 9k make gojek plus baru sekarang jadi 13k padahal plus,0
492,driver tidak profesional harga gocar nya 6500 langsung minta dibatalkan menjadi alasan murah nya gocar jarak penjemputan nya jauh langsung minta batalkan,0
493,butut kasih denda g ngotak sehari doang lupa bayar denda 50k mau ngebet naik haji lu tdi mau langganan gojek plus lgi tpi haroream mening boikot sekalian,1
494,akun tibatiba tidak login allah padahal pencarian rezeki digojek berjuang membangun nama gojek sukses,0
495,aplikasi mantap krna aplikasi transportasi ku jdi lbih mudahtrima ksih ucapkan kpd pihak maxim,1
496,beberapa x mengalami dpt driver grabcar sangat tidak sopanlebih enak naik gocar taxi bluebird,1
497,daftar baru nya sungguh ribet ngeselin masukin no telp via whatsapp sms giliran buka no otp nya aplikasi gojek nya keluar tidak jelas,1
498,bagus tingkatkan kebersihan helm penumpang nya lebih perhatikan kebersihan nya tks,1
499,bajing terlalu lama nunggu nya gojek sialan kalau tidak minimal batalin tolol lama lama nunggu baru bilang dk dk driver ngapa tidak awal awal,1
500,semakin lama semakin tidak memuaskan mudah error susah cari driver lama banget hrus berjam baru dibatalin sitem,0
501,aplikasi lu terlalu beratgolek mb nya sama menginstal buka aplikasi nya tidak lebay lemot kaya grabparah nih aplikasi bukan nya kembangkan biar lancar semua hp entengini malah bikin susah customer,1
502,gojek belom mampu buat titik map benar aplikasi bodoh banget ngawur terus selisih mulu sama driver gara gara apk gojek,1
503,maping nya benerin jelas2 bener pas titik alamat kok driver2 malah titik lainjadi terus marahin sama driver padahal titik rumah bener,0
504,aplikasi nya bagusbanyak fitur animasi menarik aplikasi ojol paling bagus gojekmungkin perlu ditingkatkan manajemen efektifitas operasional harga saham naik,1
505,aplikasi payah kalau pesan gocar driver tidak bergerak posisi awal good job maxim grab,0
506,driver nya tidak diandalkan semua posisi cepet mau telat tp suruh ganti driver terus makan lah inilah,1
507,lebih nyaman pakai gojek banyak promo lebih safety terlindungi asuransi selama diperjalanan pu kantor tempat mengadu yuk bagikan temen2 pakai gojekyg penting promo tiap bulan terus buat konsumen,1
508,maxim baru pertama pakai buat kagum dgn cara pelayanan sistem aplikasi bagus jadi memudahkan bahkan sy beru pakai maxim in langsung faham dgn cara kerja respon cepat driver ramah ramah mantap pertahankan,1
509,pencarian alamat cuman peta opsi satelit hilang alamat peta ngaco perbaiki,0
510,komplen uang bulan nov 2024 desember 2024 tepat nya 1 bulan lebih tidak rensopone email tidak jelas wa swadaya tidak jelas chat ig tidak jelas lepas tangung jawab gojek,0
511,complain suda dtngani tuti ttng driver nakal mohondtindak disuspend mlarikan uang tmn skerja ny,1
512,lah grab map update gojek aja map terbaru grab lokasi malah tidak keliatan kesian driver suka nyasar gua harap baca,0
513,dulu sampe sekarang masi aja nih gojeksaya mau login lupa nomor lama sayanyuruh memulihkan akun masi aja minta nomor lama kan lupa nomor ngasih bantuan tidak masuk akal,0
514,driver mobil mxim pads tidak profesional apa kalau ujan apa jauh deket aja tidak mau ambil malah ngomonhin tarif kalau mau mahal jangan maxim pelanggan ngerti kalau driver bener ma aplikas telek,1
515,aplikasi diperbaharui malah gembel sering bikin ngelag hp restart hp tetep aje crack padahal aplikasi lancar,0
516,peta real time penentuan lokasi tidak titik lokasi sayapenumpang jadi penumpang mengarahkan titik manual bs berpotensi salah titik driver ramah,0
517,pesen gocar sering cancel belasan kali giliran harga naik drastis baru pickup,0
518,ko sering dapet nya jauh jauh terus jmpt nyatolong dong kasian driver nya jmpt ny jauh,1
519,map nya terlalu kacaukasian driver nya kalo cara nya sprt bos maaf aku kasih bintang 1 diperbaiki,1
520,perbaiki maps nya kok tdi pesen sesuai alamat titik nya tidak sama alamat tulis sama seleksi driver kebanyakan orang tidak sabaran dijalanan,0
521,apk si oke membantu banget tp masi banyak driver gamau ngasih uang kembalian kaya 45rb kdg tidak dikembaliin bahkan sering banget ketemu driver minta double padahal sesuai apk aja tidak mna lgi,1
522,tidak jd driver tidak usah masa driver minta cancel menanggung kenaikan tarif padahal pengguna aplikasi grab,0
523,lah update bener cari lokasi aja selalu arah sebalik cari driver berjam jam sampe cancel mulu mendadak sama driver nya pelayanan nya buruk sekali aplikasi,0
524,lah kasih tau sama driver selallu bawa uang kembalian jangan beralasan tidak kembalian terus,1
525,tarif mahal buat pengguna 70 60 buat mitra pengemudi sisa buat aplikator cari untung gede parah,1
526,aplikasi menyenangkan memudahkan segala kebutuhan sangat senang ada gojek kapan mana sangat membantu,1
527,pendapat untk ojol kalo liat uplikasi jng tengah jalan menggangu pengendara lain jngn lpa lampu sen kalau kanan jngn belok kiri trimakasih,1
528,min mohon bantuan nya tidk login akun taxse driver sayasoal nomer hp sya tidak aktif,0
529,sekarang gocar jelek pelayanan nya argo 20 25 jarak deket ditolak2 terus sama driver nya terus klw tetap pesen lama lama harga naik 2x lipat kecewa pelayanan auto delete aplikasi nya tidak pakai sekarang,0
530,percuma e wallet tp driver mau tunai kalau bikin aplikasi jangan nanggung dong,1
531,harga jadi naik 2 lipat ngak biasa fitur grabbike hemat menghilang tiba tiba,1
532,argo murah terjangkau driver baik2 banget bersih rapih driver maxim tau lokasi padahl stasiun banyak orang,1
533,kecewa sekali aplikasi app lokasi driver dekat berhentistuck tidak bergerak tunggu 2 jam tdk datang akibat repot terlambat tidak efisien harap diperbaiki jgn curang,0
534,aplikasi ngaco cepat berangkat driver jauh jauh terus lokasi nya beberapa kali pesan cancel pesan cancel ngaco,1
535,perdana down loadpesan grab careh malah suruh d batalkan aplikasi k offline sajamana lebih mahal dr grabmohon buat driverjangan memanfaatkan keadaanmana orang baru mana langgan,1
536,2 minggu gagal vermuk email sampe penuh laporan gojek semua mau traksansi susah email gada penyelesaian bales gitu2 aja konyol,0
537,pesen jam 1900 jam 2200 tidak dpt dpt driver gabisa dibatalin bikin gabisa tidur kalau tidur tkut dpt driver benerin lah gajelas,0
538,melakukan pinjaman selalu gagal dulu pakai gojek pinjam tidak pernah telat sama sekali mau ajukan malah telat,0
539,aplikasi banyak driver tidak beres kasus aplikator nya bobrok gajelas penyelesaian masalah nya tidak beres cukup kecewa sekian tahun pakai aplikasi grab grab sekarang jadi aplikasi scam gajelas aplikator bobrok driver banyak bermasalah,1
540,apalah driver jutek banget judes sama cs parah sampe maksa minta tips tadi niat mau ngasih tips sikap driver jadi males dong driver tegur terutama wilayah cirebon,1
541,pliss maxim driver kalau motor nya tidak layak buat narik jangan acc orang rata2 naik ojek buat ngejar waktu kalau motor nya kaya naek sepeda sama aja boong,1
542,admin mohon pantau go car nya driver memasang tarif luar aplikasi aplikasi 26rbu driver nya meminta ongkos 50 ribu,0
543,perbaiki lokasi map nya lebih gampang utk driver mencari alamat tambahkan fitur foto obrolan driver tau mana customer nya,0
544,trimakasih terbantu banget dgn driver maxim semoga pelayanan maxim semakin hari semakin baik driver ramah bersih,1
545,apk gojek pelanggan notif chat tidak muncul biasa warna merah muncul pojok kanan atas chat kemudian pesan gojek lama betul pedahal pesan driver malah jauh dapet,0
546,seorang pengemudi faktor keselamatan paling utama diperhatikan selanjut kebersihan n kerapian kendaraan maupun driver nya,1
547,tanggal 7 feb 2025 sering kena biaya rp 80 grab ride mulai tanggal 10 feb 2025 sekarang kena rp 110 padahal pindah grab murah tidak beda sama aplikasi sebelah,0
548,driver arogan sebener pelanggan setia gojek ketemubdriver arogan padahal salah aku kena pukul uninstal aja ganti grab maxim aja,1
549,gara salah satu driver kalian sampe uninstall beri bintang 1 buat aplikasi bener tersinggung kecewa,1
550,pak sopir ramah sopan mengerti penumpang ditempat titik jemput daerah pelabuhan terima kasih pak sopir baik hati tuhan memberkati,1
551,liatt baik baik anjeng tujuan tidak sampe sekilo masa ongkos sama jarak 5 kilo kalo kek gini siapa mau pakai goride mending gocarr lah selisih cuma 3 rebu,0
552,tidak lengkap daftar lokasi khusus deli serdang map titik jemputan alamat butuhkan jga tidak tersedia gmana mau pakai transportasi bisnis model gni,0
553,driver minta nambah mulu kalau pesen malem tidak sama aplikasi aja dinaikin pas malem kok malah minta nambah customer kan argo dah jelas berarti emang bener medsos tuh kalau taxol kelakuan gini,0
554,semakin lama semakin tidak jelas promo tersedia kok mau cari menu promo hilang anehh diperbaiki,0
555,plis dapet driver nawar pengen lebihin trs gaptek ngg tau cara scan dr grab survei ojol cara bayar scan,1
556,pelanggan terhormat karna penjemputan goride terutama jam sibuk blast nya terlalu jauh mohon pelanggan bawa motor masing masing harapan pelanggan tidak telat lokasi tujuan,0
557,versi terbaru gojek malah bikin chat driver enggak muncul notif hape pelanggan pas dicek menu chat baru ketahuan kalau chat,0
558,memesan layanan grabcar plus datang taksi blue bird kondisi mobil lama berharap datang mobil pribadi baru datang malah blue bird perbaiki sistem nya grabcar plus datang mobil pribadi,1
559,jangan sakiti driver gojek dgn program2 kalianada drver ada gojek ada castamer kalian blunder kalau menyakiti driverbelajarlah sejarah berdiri gojek jangan lupa belajar pakai hati,1
560,argo nya tidak sesuai awal pemesanan padahal sesuai titik aplikasi grab sekarang banyak biaya nya tidak konfirmasi nya penumpang harga argo titik menjadi membengkak mending pakai aplikasi sebelah manis awal aja,0
561,gojek dong kalau estimasi waktu 5 menit jgn jadi 20 menit sy pesan estimasi driver 5 menit sy tgu jam 218 jam 235 apa 5 menit,0
562,hujan selalu susah driver gocar selalu cancel krn gocar memilih pindah aps,1
563,pengen kasih bintang 1 kalau driver menuju lokasi jemput aplikasi bersama penumpang tidak briefing dulu gitu driver nya,1
564,sulit mendapatkan driver gojekgocar apa wkt sore hujan alasan tarif murah lain-lain tarif sore pagi berbeda jauh dgn jarak sama potongan tidak membantu,0
565,kecewa harga awal tarif 25 ribu terus tiba tiba jadi 38 ribu konfirmasi driver mengaktifkan tarif tunggu,0
566,memberikan laporan beberapa hari lalu terkait pelayanan driver ditindak lanjuti hari,0
567,aplikasi makin lama makin jelek berlangganan 2021 bukan makin perbaiki malah makin jelek orang buru urgent mau pesen ojek malah aplikasi ngebuk tidak kebuka menu goride nya tidak kebuka hadeh,0
568,baru tau sy kalau maxim semurah kalau sy mau pakai maxim trus trimakasih driver nya abang nya baik bgtnganter tempat tujuan dgn selamat,1
569,sekarang gojek susah respon selalu keluar mulu semenjak diupdate versi baru males jadi uninstall,0
570,sekarang lihat perjalanan driver maps jadi lompatlompat sulit dipantau tidak kemaren titik lokasi perjalanan driver berurutan jadi mudah dipantau driver mana mohon diperbaiki,0
571,cari gocar lama banget mau tf bank lama banget loading nya tidak muncul2,1
572,biaya aplikasi 25k pas sampe jd 29k aplikasi driver isi e wallet lama masuk isi 26k masuk cuma 22k perdana nyoba maxim kesan pertama langsung bikin kecewa,0
573,driver nya kurang ajar min minta driver briefingin atas nama henry situmorang plat no b 5286 kbu kalau jangan sampe gara gara satu orang nama grab jadi jelek,0
574,driver lebih safety dr helm nya kurang bagus motor bobrok bahkan jas ujan nya bau,1
575,selektif bermitra banyak sekali driver minta dibayar lebih kejadian pesen car harga 14k dimintain 50k duluan boroboro tuh driver gerak gamau jalan malah nyuruh customer batalin mohon sekali mental opang kayak gitu ditindak banyak ngeluhin,0
576,hai min mau komplen yaa sekarang gojek tuh susah banget dpet drivernyaa tidak kayak dulu langsung cepet dpet sekarang bahkan sampe 30 menitan dpet drivernyaa mohon diperbaiki kendala terimakasih,0
577,pelayanan konsumen jelek driver jarang mau datang dgn berbagai alasan tak masuk akal driver pilih terlalu jauh titik penjemputan,1
578,driver gocar tidak doyan duit padahal banyak mangkal tidak ambil sama sekali jarak deket 40 rebu,1
579,pesen gocar xl buat 6 orang driver tidak mau ambil mending tutup aja dah ganti angkot didaftarin buat gocar pesan mall lippo cikarang,0
580,kali nunggu tidak dapet driver tidak kepastian gojek total nunggu 1 jam 50 menit an tidak dapet apa beda sama sebelah waktu dulu sering dapet kendala kayak gini maka pindah aja platform sebelah,0
581,woi gajelas driver jauh jauh semua padahal driver deket haduh buang waktu banget,1
582,minta cansel siapa kena blokir siapa oon banyak2 driver dekat malah d kasih jauh terus,1
583,trauma pakai grab masa penumpang gatau jalan dimarah marahin ngejalanin ngebut gimana sih kecewa berat padahal percaya pakai grab malah dibuat kecewa,1
584,maxim bagus apk nya kenyamanan bersama perbaiki titik lokasi nya driver suka marah sama titik tidak sesuai ujung ujung memberi biaya tambahan karna tidak sesuai titik,0
585,pesan ojek 1830 kok dapet ojek 5km lebih jarak waktu tempuh cuman 1015 menit jadi 40mnt 1 jam padahal banyak ojek jarak cuman 500 meter telat masuk kelas nya gara2,0
586,gojek deh naikin harga tidak kira2 biasa jarak deket cuma 15rebuan jadi 4050rb mah org bakalan males kali naik gojek tidak bakalan mau make bye gojek,0
587,gabisa login terus malah suruh nggu 30 jam padahal skrg laper banget pgn cb pesen makan gojek waras,0
588,chat driver tidak sering kalo perbaiki kasih bintang 5,0
589,mau masuk akun disuruh verifikasi wajah gagal terus tidak jelas nih gojek mau perlu jadi tidak ngapain,1
590,gojek kalo abis ujan susah nyari driver 510 giliran dpat jarak driver jauh banget padahal deket banyak malah tidak aneh apk,1
591,sangat mengecewakan gojek area tuluangagung jam 5 soregak satu gojek carmotor,0
592,adillah dlm memberi sanksi jgn terima laporan fitnah dr cs lgsg akun driver disuspend pemberitahuan keslahan apa perbuat,1
593,kecewa sama driver gocar karna sering cancel pelanggan disabilitas kemarin cancel 5 kali perbaiki layanan dulu,0
594,sangat membantudi mau pergi kemana2 pas tidak kendaraan d rumah tarif nya terjangkau,0
595,nasabah jago jadi prioritas promo ongkir digojek niat buka bank jago biar promo gratis ongkir gojek kenyataan sama aja kaya pembayaran,1
596,biasa share perjalanan kalau naik ojek updatean terbaru malah ngga menu bolak balik cari menu share ngga malah mabok pusing mau muntah dijalanan nyari tombol berbagi perjalanan naik ojek malah makin jelek aplikasi bikin kesal,0
597,kalau pesen gocar selalu cancelx ud dlm perjalanan cancel sama driver mau pakai hemat tidak sama aja apa karna ongkos murahparaah,1
598,gojek topp bangett mksih bangett buat orang bikin apk inii inii ngebantu bangett buat sayaa banyakk ceritaa pengalaman seruu gojek sabar nunggu cerita tahun 2025 nantii bareng gojekk capslock bukan marah yaa jek,1
599,gila grab lama lama mesen grabcar lama banget dapet sekali dapet cancel bener bener kalau org buru buru gimana nasib nya perbaiki nih,1
600,aku harap penumpang melihat rating gojek bukan driver bis lihat jadi misal penyebab rating jelek penumpang memperbaiki nya,1
601,pelayanan mohon perbaikijangan biar kan pelanggan pesendannunggu lama malahan batalkan driver posisi hujanjdi pesan apk sebelah,1
602,info management maxim driver pakai aplikasasi mana yaa playstore maxim driver taxsee driver mohon petunjuk,0
603,kirain cuman ajah ternyata banyak komplain dikasih driver jauh pantesan tidak kasian sama driver pelanggan sekalian kasih driver pulau seberang,1
